AUTHOR;CHANNEL;MESSAGE
koviubi#4465;游눫치ltal치nos;56!hjelp
koviubi#4465;游눫치ltal치nos;56!8ball Szerda van?
koviubi#4465;游눫치ltal치nos;280210000set
koviubi#4465;游눫치ltal치nos;10
koviubi#4465;游눫치ltal치nos;56!getbackup
koviubi#4465;游눫치ltal치nos;555555555555666666666
koviubi#4465;游눫치ltal치nos;56
koviubi#4465;游눫치ltal치nos;56
koviubi#4465;游눫치ltal치nos;56!gtn 56
koviubi#4465;游눫치ltal치nos;50
koviubi#4465;游눫치ltal치nos;10
koviubi#4465;游눫치ltal치nos;4
koviubi#4465;游눫치ltal치nos;3
koviubi#4465;游눫치ltal치nos;2
koviubi#4465;游눫치ltal치nos;56
koviubi#4465;游눫치ltal치nos;56!gtn 56
koviubi#4465;游눫치ltal치nos;50
koviubi#4465;游눫치ltal치nos;2
koviubi#4465;游눫치ltal치nos;3
koviubi#4465;游눫치ltal치nos;20
koviubi#4465;游눫치ltal치nos;10
koviubi#4465;游눫치ltal치nos;8
koviubi#4465;游눫치ltal치nos;6
koviubi#4465;游눫치ltal치nos;7
koviubi#4465;游눫치ltal치nos;5
koviubi#4465;游눫치ltal치nos;4
koviubi#4465;游눫치ltal치nos;56!gtn 1000
koviubi#4465;游눫치ltal치nos;1
koviubi#4465;游눫치ltal치nos;2
koviubi#4465;游눫치ltal치nos;3
koviubi#4465;游눫치ltal치nos;10
koviubi#4465;游눫치ltal치nos;1000
koviubi#4465;游눫치ltal치nos;500
koviubi#4465;游눫치ltal치nos;56!gtn 1000
koviubi#4465;游눫치ltal치nos;500
koviubi#4465;游눫치ltal치nos;750
koviubi#4465;游눫치ltal치nos;900
koviubi#4465;游눫치ltal치nos;800
koviubi#4465;游눫치ltal치nos;850
koviubi#4465;游눫치ltal치nos;825
koviubi#4465;游눫치ltal치nos;810
koviubi#4465;游눫치ltal치nos;820
koviubi#4465;游눫치ltal치nos;815
koviubi#4465;游눫치ltal치nos;819